,chembl_id,Predicted_Value
0,CHEMBL1200805,3.43741774559021
1,CHEMBL3137317,3.605302333831787
2,CHEMBL4297666,3.605855941772461
3,CHEMBL472,3.643399715423584
4,CHEMBL1731,3.965909957885742
5,CHEMBL1200965,3.984823703765869
6,CHEMBL1289601,4.0005574226379395
7,CHEMBL3545068,4.217586517333984
8,CHEMBL2105748,4.241649627685547
9,CHEMBL1411731,4.2429022789001465
10,CHEMBL2106636,4.248605728149414
