,chembl_id,Predicted_Value
0,CHEMBL3301603,[np.float32(-441.94968)]
1,CHEMBL2107389,[np.float32(-159.06285)]
2,CHEMBL1200953,[np.float32(-148.9693)]
3,CHEMBL870,[np.float32(-147.12628)]
4,CHEMBL1200989,[np.float32(-128.51003)]
5,CHEMBL717,[np.float32(-123.62859)]
6,CHEMBL3707377,[np.float32(-112.52641)]
7,CHEMBL404520,[np.float32(-107.86368)]
8,CHEMBL1200545,[np.float32(-102.61373)]
9,CHEMBL1201101,[np.float32(-100.594505)]
10,CHEMBL389621,[np.float32(-89.85181)]
