,chembl_id,Predicted_Value
0,CHEMBL1184,[np.float32(0.22302301)]
1,CHEMBL1201264,[np.float32(0.42172486)]
2,CHEMBL2110948,[np.float32(0.54200274)]
3,CHEMBL1401367,[np.float32(1.2420307)]
4,CHEMBL730,[np.float32(1.2805592)]
5,CHEMBL1401,[np.float32(1.9218537)]
6,CHEMBL2106076,[np.float32(1.9942127)]
7,CHEMBL1201336,[np.float32(2.0363555)]
8,CHEMBL3301603,[np.float32(2.1690555)]
9,CHEMBL2107703,[np.float32(2.2675247)]
10,CHEMBL1200348,[np.float32(2.3775668)]
