,chembl_id,Predicted_Value
0,CHEMBL389621,[np.float32(-183.8966)]
1,CHEMBL1200617,[np.float32(-167.6798)]
2,CHEMBL1200545,[np.float32(-160.91443)]
3,CHEMBL1200953,[np.float32(-116.00531)]
4,CHEMBL1201265,[np.float32(-87.00273)]
5,CHEMBL2107389,[np.float32(-70.77212)]
6,CHEMBL1200829,[np.float32(-49.76227)]
7,CHEMBL3707377,[np.float32(-43.520664)]
8,CHEMBL1201101,[np.float32(-33.16263)]
9,CHEMBL1200436,[np.float32(-17.56037)]
10,CHEMBL110458,[np.float32(-10.21809)]
