,chembl_id,Predicted_Value
0,CHEMBL472,[np.float32(3.7326393)]
1,CHEMBL3353410,[np.float32(3.82629)]
2,CHEMBL1731,[np.float32(4.0367656)]
3,CHEMBL238804,[np.float32(4.0590878)]
4,CHEMBL4297666,[np.float32(4.219945)]
5,CHEMBL1289601,[np.float32(4.48388)]
6,CHEMBL1112,[np.float32(4.5474396)]
7,CHEMBL4594293,[np.float32(4.6482596)]
8,CHEMBL3545068,[np.float32(4.7493396)]
9,CHEMBL2105755,[np.float32(4.759601)]
10,CHEMBL1664,[np.float32(4.8309164)]
