,chembl_id,Predicted_Value
0,CHEMBL1451116,[np.float32(-0.7511678)]
1,CHEMBL2106829,[np.float32(4.7461605)]
2,CHEMBL1574,[np.float32(4.899621)]
3,CHEMBL13209,[np.float32(5.4192734)]
4,CHEMBL730,[np.float32(5.5589986)]
5,CHEMBL1200805,[np.float32(5.715608)]
6,CHEMBL565,[np.float32(5.7435474)]
7,CHEMBL1200595,[np.float32(5.7985373)]
8,CHEMBL3707377,[np.float32(5.8869953)]
9,CHEMBL492,[np.float32(5.9230356)]
10,CHEMBL1201242,[np.float32(5.9595776)]
