,chembl_id,Predicted_Value
0,CHEMBL3301603,[np.float32(7.957886)]
1,CHEMBL3348963,[np.float32(5.7532444)]
2,CHEMBL404520,[np.float32(5.6610417)]
3,CHEMBL3989695,[np.float32(5.3614616)]
4,CHEMBL895,[np.float32(5.2605762)]
5,CHEMBL1339,[np.float32(5.243709)]
6,CHEMBL1200836,[np.float32(5.1899023)]
7,CHEMBL282724,[np.float32(5.1635385)]
8,CHEMBL46740,[np.float32(5.100877)]
9,CHEMBL1738797,[np.float32(5.086507)]
10,CHEMBL1088977,[np.float32(5.0621653)]
