,chembl_id,Predicted_Value
0,CHEMBL3301603,[np.float32(10.785054)]
1,CHEMBL1201244,[np.float32(7.6410046)]
2,CHEMBL1200878,[np.float32(7.516007)]
3,CHEMBL2040682,[np.float32(7.423482)]
4,CHEMBL1200635,[np.float32(7.339322)]
5,CHEMBL1753,[np.float32(7.2290797)]
6,CHEMBL1167,[np.float32(6.914412)]
7,CHEMBL2146063,[np.float32(6.100834)]
8,CHEMBL3348963,[np.float32(5.9041085)]
9,CHEMBL1200600,[np.float32(5.4743223)]
10,CHEMBL2218878,[np.float32(5.456805)]
