,chembl_id,Predicted_Value
0,CHEMBL1200728,[10.190047]
1,CHEMBL2107067,[7.7600026]
2,CHEMBL1371,[7.4483685]
3,CHEMBL492,[5.872513]
4,CHEMBL878,[5.800352]
5,CHEMBL1529,[5.622511]
6,CHEMBL1200410,[5.469802]
7,CHEMBL5315118,[4.2749567]
8,CHEMBL730,[3.3668554]
9,CHEMBL1200968,[nan]
10,CHEMBL1371200,[nan]
