,chembl_id,Predicted_Value
0,CHEMBL3301603,[np.float32(8.368915)]
1,CHEMBL1753,[np.float32(7.1994762)]
2,CHEMBL2218878,[np.float32(6.711258)]
3,CHEMBL1200398,[np.float32(5.7919474)]
4,CHEMBL3348963,[np.float32(5.6618695)]
5,CHEMBL282724,[np.float32(5.647955)]
6,CHEMBL1201731,[np.float32(5.601632)]
7,CHEMBL243712,[np.float32(5.547013)]
8,CHEMBL1201162,[np.float32(5.336234)]
9,CHEMBL1750,[np.float32(5.2925596)]
10,CHEMBL2105689,[np.float32(5.040035)]
