,chembl_id,Predicted_Value
0,CHEMBL1184,[-0.06353133]
1,CHEMBL730,[0.76703554]
2,CHEMBL2110948,[0.8295451]
3,CHEMBL1201264,[0.9009686]
4,CHEMBL1401367,[0.9247337]
5,CHEMBL1200829,[1.1746274]
6,CHEMBL1201336,[1.215923]
7,CHEMBL404422,[1.8810903]
8,CHEMBL1401,[2.1276674]
9,CHEMBL1411731,[2.4015594]
10,CHEMBL1200398,[2.6800294]
