ChEMBL ID,Frequency,Avg Predicted Value
CHEMBL4594350,1.0,8.106427136975098
CHEMBL2359966,1.0,7.497035616770629
CHEMBL2361370,1.0,7.419709268156769
CHEMBL3989958,1.0,7.372708472127514
CHEMBL3707183,1.0,7.497035616770629
CHEMBL4297091,0.98,7.425687232920642
CHEMBL3187985,0.8599999999999999,7.257022141325173
CHEMBL2103744,0.74,7.2252363553078975
CHEMBL3183409,0.74,7.217008092870295
CHEMBL4535757,0.56,7.173295985258044
