,chembl_id,Predicted_Value
0,CHEMBL2146883,[np.float32(8.95349)]
1,CHEMBL3301603,[np.float32(7.759499)]
2,CHEMBL1200678,[np.float32(7.5652604)]
3,CHEMBL1668,[np.float32(7.5329623)]
4,CHEMBL3348963,[np.float32(7.1994147)]
5,CHEMBL1201244,[np.float32(6.9268174)]
6,CHEMBL6966,[np.float32(6.3693757)]
7,CHEMBL282724,[np.float32(5.7964606)]
8,CHEMBL2040682,[np.float32(5.6234417)]
9,CHEMBL3218576,[np.float32(5.4535313)]
10,CHEMBL1678,[np.float32(5.4348316)]
