,chembl_id,Predicted_Value
0,CHEMBL4650272,[np.float32(2.3072793)]
1,CHEMBL1201265,[np.float32(2.3409638)]
2,CHEMBL5315118,[np.float32(2.6280096)]
3,CHEMBL1200989,[np.float32(2.7766352)]
4,CHEMBL1200384,[np.float32(3.0468051)]
5,CHEMBL650,[np.float32(3.1040258)]
6,CHEMBL3989850,[np.float32(3.333693)]
7,CHEMBL1200545,[np.float32(3.4356437)]
8,CHEMBL1451116,[np.float32(3.4706385)]
9,CHEMBL1339,[np.float32(3.603466)]
10,CHEMBL389621,[np.float32(3.6264298)]
