,chembl_id,Predicted_Value
0,CHEMBL404520,[np.float32(7.5438447)]
1,CHEMBL4297109,[np.float32(7.427056)]
2,CHEMBL497,[np.float32(7.285866)]
3,CHEMBL1200678,[np.float32(7.16157)]
4,CHEMBL1664,[np.float32(7.033029)]
5,CHEMBL1201336,[np.float32(7.001148)]
6,CHEMBL1201087,[np.float32(6.8860927)]
7,CHEMBL1201244,[np.float32(6.7044487)]
8,CHEMBL61593,[np.float32(6.6083083)]
9,CHEMBL3348963,[np.float32(6.573717)]
10,CHEMBL3137317,[np.float32(6.4815097)]
