,chembl_id,Predicted_Value
0,CHEMBL1201300,0.7483976483345032
1,CHEMBL1201265,1.0481876134872437
2,CHEMBL1200975,1.2626006603240967
3,CHEMBL1200449,1.26776123046875
4,CHEMBL1201749,1.306680679321289
5,CHEMBL1200545,1.3548238277435303
6,CHEMBL1201064,1.379159927368164
7,CHEMBL1200617,1.7475039958953857
8,CHEMBL1451116,1.9604562520980835
9,CHEMBL1418176,2.0202274322509766
10,CHEMBL5315118,2.239131450653076
