,chembl_id,Predicted_Value
0,CHEMBL1200332,7.1329803466796875
1,CHEMBL1738797,7.23244571685791
2,CHEMBL646,7.633021831512451
3,CHEMBL2106829,7.656736850738525
4,CHEMBL1200545,7.704161643981934
5,CHEMBL2107606,7.804690361022949
6,CHEMBL1411731,7.901475429534912
7,CHEMBL2106638,7.999287128448486
8,CHEMBL1200384,8.150463104248047
9,CHEMBL1664,8.324898719787598
10,CHEMBL3989850,8.371308326721191
