,chembl_id,Predicted_Value
0,CHEMBL1318287,[np.float32(1.7297717)]
1,CHEMBL1577,[np.float32(2.4957638)]
2,CHEMBL730,[np.float32(2.5334873)]
3,CHEMBL435,[np.float32(2.556745)]
4,CHEMBL3545313,[np.float32(2.6054378)]
5,CHEMBL1243,[np.float32(2.6374588)]
6,CHEMBL404422,[np.float32(2.9931388)]
7,CHEMBL1455,[np.float32(3.099568)]
8,CHEMBL2111157,[np.float32(3.1700957)]
9,CHEMBL1524273,[np.float32(3.1897159)]
10,CHEMBL61593,[np.float32(3.3447206)]
