,chembl_id,Predicted_Value
0,CHEMBL1200953,[np.float32(5.015804)]
1,CHEMBL717,[np.float32(6.186368)]
2,CHEMBL2107389,[np.float32(6.3332753)]
3,CHEMBL3707377,[np.float32(6.664793)]
4,CHEMBL1411731,[np.float32(6.9294834)]
5,CHEMBL1201101,[np.float32(7.0059137)]
6,CHEMBL1201064,[np.float32(7.07077)]
7,CHEMBL1200975,[np.float32(7.34004)]
8,CHEMBL1201749,[np.float32(7.638926)]
9,CHEMBL1200545,[np.float32(7.6519904)]
10,CHEMBL1456,[np.float32(7.7212486)]
