,chembl_id,Predicted_Value
0,CHEMBL1451116,[np.float32(2.4941888)]
1,CHEMBL404422,[np.float32(2.514596)]
2,CHEMBL435,[np.float32(3.2027037)]
3,CHEMBL1577,[np.float32(3.2075102)]
4,CHEMBL964,[np.float32(3.394006)]
5,CHEMBL2107606,[np.float32(3.4912193)]
6,CHEMBL61593,[np.float32(3.5153952)]
7,CHEMBL2107703,[np.float32(3.536499)]
8,CHEMBL1201,[np.float32(3.539258)]
9,CHEMBL285674,[np.float32(3.589131)]
10,CHEMBL651,[np.float32(3.6016443)]
