,chembl_id,Predicted_Value
0,CHEMBL1668,[5.7116914]
1,CHEMBL4303454,[5.5289845]
2,CHEMBL5315118,[5.4998646]
3,CHEMBL2107067,[5.3464026]
4,CHEMBL1529,[4.0235476]
5,CHEMBL492,[3.804537]
6,CHEMBL878,[3.470392]
7,CHEMBL730,[2.66111]
8,CHEMBL1200968,[nan]
9,CHEMBL1371200,[nan]
10,CHEMBL1200487,[nan]
